gender,name.title,name.first,name.last,location.street.number,location.street.name,location.city,location.state,location.country,location.postcode,location.coordinates.latitude,location.coordinates.longitude,location.timezone.offset,location.timezone.description,email,login.uuid,login.username,login.password,login.salt,login.md5,login.sha1,login.sha256,dob.date,dob.age,registered.date,registered.age,phone,cell,id.name,id.value,picture.large,picture.medium,picture.thumbnail,nat
male,Mr,Peremisl,Pristupa,8095,Blakitnogo,Girske,Zhitomirska,Ukraine,89516,80.2965,-137.7835,+3:30,Tehran,peremisl.pristupa@example.com,ab9c133e-6cfa-4fb6-941b-2e34a6b2a7bc,bigpanda236,cosworth,AU8P7QAK,95289cb36b8fa7f3b80efdfdcd0f9ebb,60efe40a6b46578fc136083e43db962a3a923fed,4d4312b1271c535af4b28e5878262b2bfe19e9d1a4fb96d7f19675f57cfeeaa1,1997-01-09T00:13:41.597Z,27,2007-01-23T23:14:11.410Z,17,097 J616477,(066) G35-4495,,,https://randomuser.me/api/portraits/men/30.jpg,https://randomuser.me/api/portraits/med/men/30.jpg,https://randomuser.me/api/portraits/thumb/men/30.jpg,UA
male,Mr,Maxwell,Bradley,5177,North Street,Lincoln,Bedfordshire,United Kingdom,K77 2JE,-66.5128,-93.8312,+1:00,"Brussels, Copenhagen, Madrid, Paris",maxwell.bradley@example.com,5877f873-a178-4870-b574-11bb26c63eb7,silvergorilla307,gold,xEqefRRl,91d5d6369d486750fd73aede67df6f2f,30d6c17a4e35ddd6715d958613b039155970ef43,fd1ab062663adf970873d60684b679293f19f05404a0968c8808f70604e83eb7,1994-06-11T02:53:43.080Z,29,2016-08-18T17:06:45.247Z,7,016977 14568,07344 445934,NINO,MW 29 68 14 H,https://randomuser.me/api/portraits/men/47.jpg,https://randomuser.me/api/portraits/med/men/47.jpg,https://randomuser.me/api/portraits/thumb/men/47.jpg,GB
female,Mademoiselle,Letizia,Muller,7656,Rue des Abbesses,Lampenberg,Schaffhausen,Switzerland,7732,15.4013,-143.7588,+6:00,"Almaty, Dhaka, Colombo",letizia.muller@example.com,93322165-fa78-46f4-bd35-32423406bb70,greentiger556,oscar,8wev5wYv,cd2fa4eb0c84ac36bae58878e6723ce5,d8245044fa0a7118898b0d7deb838d15f506f6b6,43c4798f3d7b7a9b5da56e9d55dfd1e3629569bdb0cd5c755223136a070e874a,1962-01-28T05:09:34.460Z,62,2010-04-22T23:16:34.405Z,13,077 763 91 10,076 804 70 96,AVS,756.7624.6806.77,https://randomuser.me/api/portraits/women/11.jpg,https://randomuser.me/api/portraits/med/women/11.jpg,https://randomuser.me/api/portraits/thumb/women/11.jpg,CH
male,Mr,Amund,Ramsvik,5042,Solveien,Bodø,Hedmark,Norway,7341,3.3634,-52.2406,+5:45,Kathmandu,amund.ramsvik@example.com,0c84763d-020a-4fe9-a370-12c74e3cfdd0,bluegorilla623,kswbdu,nnAQic1R,87742e5bc24d7d05a637258cf26e47e9,ec2a3e67b36caa71023d003ba8acf5b78468d35d,c1ddf6671bc7c18bc4e259d34dfd00e86ef24c4aac0ecae54937dc0e20dbcb78,1971-03-03T00:12:06.121Z,53,2003-06-14T16:45:03.793Z,20,77025627,46106900,FN,03037146756,https://randomuser.me/api/portraits/men/69.jpg,https://randomuser.me/api/portraits/med/men/69.jpg,https://randomuser.me/api/portraits/thumb/men/69.jpg,NO
male,Mr,Zachary,Moore,7137,Opoho Road,Dunedin,Wellington,New Zealand,53914,17.0317,83.4089,+1:00,"Brussels, Copenhagen, Madrid, Paris",zachary.moore@example.com,f5ff1041-799d-4e36-bfaa-003e4d83553b,blackbutterfly864,tigers1,UTbHO4Cy,d42d9aa663fe512ed6f1e79e97406b69,ad49cdffc270fea6fd79e9bb615bfff342125df5,181365e69642af95b84f27a483100985165f0c0392dc26bd94eba6407cac7c19,1982-09-26T19:48:08.067Z,41,2004-03-05T14:20:38.995Z,19,0319273628,(773)-434-4915,,,https://randomuser.me/api/portraits/men/51.jpg,https://randomuser.me/api/portraits/med/men/51.jpg,https://randomuser.me/api/portraits/thumb/men/51.jpg,NZ
male,Mr,Allen,Griffin,5185,North Street,Navan,Kerry,Ireland,14336,28.9615,-90.6624,-11:00,"Midway Island, Samoa",allen.griffin@example.com,560aed02-b566-4679-a577-af982bfecb6c,yellowmeercat754,whatup,v97MfL3x,3c17aa1c8402fde860e88fe2cbaaa0da,a576524dba760d7cef6d230d9c8323a331f7f632,e4676dacc6ee651b3b6da5926f730ef040adc8eeca3d6cbbf8770a78f9cd1a50,1954-07-02T02:19:11.896Z,69,2021-12-29T10:11:30.753Z,2,0116031688,081-363-6628,PPS,9700969T,https://randomuser.me/api/portraits/men/87.jpg,https://randomuser.me/api/portraits/med/men/87.jpg,https://randomuser.me/api/portraits/thumb/men/87.jpg,IE
female,Ms,Korinna,Laue,751,Mozartstraße,Oldenburg In Holstein,Rheinland-Pfalz,Germany,58666,40.6412,-81.7533,-3:00,"Brazil, Buenos Aires, Georgetown",korinna.laue@example.com,62d5c400-a535-40e0-94ef-72a67c3fbd36,organicbutterfly391,furball,omD0TIsx,e7cb7af9ac879e0786e36d816bc1f656,ec04b4f045b736e1438e2dcd316b6467f4ec42f4,e842de34acf787a2b7cbfc1a645e573eef05da59e8e9a70362623550c6aa0080,1954-03-10T20:38:20.245Z,69,2022-03-06T00:04:31.587Z,1,00244258763,0174-0782416,SVNR,10 100354 L 572,https://randomuser.me/api/portraits/women/77.jpg,https://randomuser.me/api/portraits/med/women/77.jpg,https://randomuser.me/api/portraits/thumb/women/77.jpg,DE
male,Mr,Jim,Adams,7518,Killarney Road,Swords,Waterford,Ireland,41481,-37.2426,-115.5209,+6:00,"Almaty, Dhaka, Colombo",jim.adams@example.com,88b8cca7-9cf5-415e-9d5a-6e84612b7c95,yellowtiger612,normal,dLi0YywS,7242fc32118afd4de3a2a3a53d942384,ea68e259d39b9390637ae7d8c90a7e43e7c26b3e,9d33a49bfb3b5f7db7fc90cd0678228e9b4cde5bb90ad99b82f28c135152ad30,1981-01-08T07:42:42.200Z,43,2020-11-27T04:35:43.481Z,3,0718649475,081-502-7502,PPS,7989413T,https://randomuser.me/api/portraits/men/56.jpg,https://randomuser.me/api/portraits/med/men/56.jpg,https://randomuser.me/api/portraits/thumb/men/56.jpg,IE
male,Mr,Kerim,Yeşilkaya,100,Tunalı Hilmi Cd,Batman,Ankara,Turkey,58982,83.2599,-125.6599,-11:00,"Midway Island, Samoa",kerim.yesilkaya@example.com,106d17b1-ebc9-436a-a0ab-cb30ac8c1483,blackcat322,budapest,ZGi3z9kA,7e76eca101cd393625bcba3c1274a5bb,f868db15591afa6ffedb47d3022f6a231a3de1f6,aa9bba7fafe19cb8de5498800d24687d7769cee311d633146a1416f8aa8b490a,1968-05-09T18:37:42.805Z,55,2016-01-24T05:20:11.804Z,8,1692217397,(157)-482-0676,,,https://randomuser.me/api/portraits/men/79.jpg,https://randomuser.me/api/portraits/med/men/79.jpg,https://randomuser.me/api/portraits/thumb/men/79.jpg,TR
male,Mr,Heleno,Melo,2001,Rua Principal,Uruguaiana,Alagoas,Brazil,40008,-50.2661,-24.0848,+2:00,"Kaliningrad, South Africa",heleno.melo@example.com,b20db836-970b-4cb0-88a4-c1930be0041c,orangecat354,dome,QauwFBL0,e4b2ad8accf17505a0cc7693bfaeb6cd,8e72344fe9f12f2da5785ccdae0a254cfe5ccaf3,881dbe42169c5431185efba854a17186be081495388047b2e514368ecfc5aa3f,1959-07-10T11:56:33.087Z,64,2008-05-10T14:03:01.492Z,15,10 66868464,(59) 6348-2555,CPF,842.175.154-18,https://randomuser.me/api/portraits/men/67.jpg,https://randomuser.me/api/portraits/med/men/67.jpg,https://randomuser.me/api/portraits/thumb/men/67.jpg,BR
female,Mrs,Deborah,Fenzl,9797,Rosenweg,Starnberg,Thüringen,Germany,53823,52.1211,-73.9301,-4:00,"Atlantic Time (Canada), Caracas, La Paz",deborah.fenzl@example.com,f87b92e7-bb08-4ae7-ae21-da18062e4c5a,organictiger587,aramis,yxq26BcQ,216e40bdb09280563421dac59e24f998,b93096909282cfeed03867184c47b1c5fd6c8954,7fdccbc49304a3bb4f3b95b99db1a883703c2f88f1632245c38cc512d5838069,1945-03-04T12:47:50.930Z,79,2020-06-25T09:32:34.401Z,3,02092343083,0175-8533604,SVNR,46 040345 F 520,https://randomuser.me/api/portraits/women/1.jpg,https://randomuser.me/api/portraits/med/women/1.jpg,https://randomuser.me/api/portraits/thumb/women/1.jpg,DE
male,Mr,Rushil,Sullad,2410,Racecource Rd,Dhule,Assam,India,67762,-43.3181,139.4012,-10:00,Hawaii,rushil.sullad@example.com,cc56667f-2886-4050-88a5-05ffa19d6ff9,redcat517,clyde,9j1i9Buk,d0a397033adc88ad800f329cf94d929c,f479e772a87929563f7ea3d179e34f206493fb4e,b764914233e88b9e23fb5cfb8a8e3ff074b1cca7e6bb8b1f2af19587114eef37,1982-01-22T07:30:34.095Z,42,2014-05-19T10:13:39.378Z,9,9733441989,7691473847,UIDAI,230362051970,https://randomuser.me/api/portraits/men/97.jpg,https://randomuser.me/api/portraits/med/men/97.jpg,https://randomuser.me/api/portraits/thumb/men/97.jpg,IN
female,Miss,Rose,Franklin,4987,Preston Rd,Van Alstyne,Arkansas,United States,17743,40.9335,-117.5284,+8:00,"Beijing, Perth, Singapore, Hong Kong",rose.franklin@example.com,fd090429-dd49-44aa-bdfb-00faf3b88e51,angrybear715,panther,aiT5KoX9,26378fd7aea1350071a9c282e03c6b27,014b4598934048796f56064c0fe2a3d930d1aace,170dcad704b73f082b3467ae6bb5b36ef53f5528bb7d32eb3eafa616832e5a71,1947-03-07T15:12:59.175Z,76,2021-01-08T08:49:51.616Z,3,860 3928774,(636) 454-1652,SSN,246-67-0429,https://randomuser.me/api/portraits/women/54.jpg,https://randomuser.me/api/portraits/med/women/54.jpg,https://randomuser.me/api/portraits/thumb/women/54.jpg,US
female,Mademoiselle,Vincenza,Lefevre,700,Rue Louis-Garrand,Weinfelden,Neuchâtel,Switzerland,5479,32.7128,55.5039,-12:00,"Eniwetok, Kwajalein",vincenza.lefevre@example.com,a8337fb8-4669-4152-bc04-6748dbb570cc,whitemouse222,misery,43JSUwHW,c5c04b2f1fd6f154f59c1de6a9b24ae7,2a8ec13c720da5f75ffae2c37052619eeaf9aafe,c3875969ecbc7639814e6d0015a16eb8a32f95d3c73900538bf1e7820ff36492,1954-06-14T03:39:46.248Z,69,2007-07-22T00:26:31.917Z,16,077 052 59 65,078 596 71 88,AVS,756.8854.3493.11,https://randomuser.me/api/portraits/women/93.jpg,https://randomuser.me/api/portraits/med/women/93.jpg,https://randomuser.me/api/portraits/thumb/women/93.jpg,CH
female,Ms,Capucine,Richard,5266,Rue Chazière,Argenteuil,Haute-Loire,France,21268,-39.6416,-27.0214,-6:00,"Central Time (US & Canada), Mexico City",capucine.richard@example.com,2a123838-0cc5-4de5-892f-d65bafe9ae8e,angryostrich125,brandy1,e3b33DpK,0c4273166d420aa1a4991f7e7913d68b,6a17aed56c5b22753e31e8fb0e785e3003d9d8e3,d7e2369e0b630f08ea26c2fa9772ee45b67d8bd08e8bb7d3aa6e88a598d29fbd,1995-02-23T01:51:50.551Z,29,2014-01-24T12:32:08.955Z,10,0253234062,06-85-76-32-59,INSEE,2950105009511 68,https://randomuser.me/api/portraits/women/18.jpg,https://randomuser.me/api/portraits/med/women/18.jpg,https://randomuser.me/api/portraits/thumb/women/18.jpg,FR
female,Miss,Renee,Stephens,2438,Locust Rd,Seymour,Maine,United States,69255,61.6689,37.3775,-4:00,"Atlantic Time (Canada), Caracas, La Paz",renee.stephens@example.com,7f7b9813-c904-4ced-b725-e09e10ae18d8,brownbear707,python,dWMfRGEX,154d580a039f048c9bb60b647b65e759,bd80357f05e94e036fc994fe5c55912056daa4ff,26b6facd00d1f060d8b48b287ee2d9e0b9ab26182fe1cf759d933b91fc1ab351,1946-04-01T17:35:44.834Z,77,2010-08-07T03:19:01.281Z,13,654 3090891,(475) 903-1676,SSN,698-88-9238,https://randomuser.me/api/portraits/women/37.jpg,https://randomuser.me/api/portraits/med/women/37.jpg,https://randomuser.me/api/portraits/thumb/women/37.jpg,US
female,Mrs,Julia,Hjørnevik,2101,Ivar Welles vei,Hogsetfeltet,Vest-Agder,Norway,6964,-64.0235,138.7037,+1:00,"Brussels, Copenhagen, Madrid, Paris",julia.hjornevik@example.com,6f262223-6ac2-4bf3-b2b5-fb29c7c41ab9,blueswan834,thelma,rz0z3V6j,156ef3ddb236ce2ffa277adade8d2fef,f87846da90649357267be101d468bb451d13aab4,0f57131078a424a809e068f234db9ea89786e16813db03e4339d9f6125a41bdb,1989-05-19T11:59:58.631Z,34,2015-02-01T15:52:33.716Z,9,57604585,92736940,FN,19058913238,https://randomuser.me/api/portraits/women/20.jpg,https://randomuser.me/api/portraits/med/women/20.jpg,https://randomuser.me/api/portraits/thumb/women/20.jpg,NO
male,Mr,William,Wilson,8762,Spring St,Edison,Pennsylvania,United States,44231,-80.1372,-19.5748,+2:00,"Kaliningrad, South Africa",william.wilson@example.com,79838f05-b055-4879-b482-444a2099dad7,bluepeacock737,italia,07FyxNid,e27038ef30ea5a00b0c7d59a8f1e26e4,d27c19b526c5ca1bb3a497226f423aa59391564c,fab235f5271039094e3b88ef0941ed24f802d048c6747ef7e5049c7af37d3770,1947-03-31T03:34:49.574Z,76,2012-07-18T10:30:12.113Z,11,441 9893043,(203) 642-2882,SSN,072-94-2273,https://randomuser.me/api/portraits/men/0.jpg,https://randomuser.me/api/portraits/med/men/0.jpg,https://randomuser.me/api/portraits/thumb/men/0.jpg,US
male,Mr,Sammy,Garrett,1998,Church Lane,Carlow,Longford,Ireland,76615,30.4866,-8.7064,+9:30,"Adelaide, Darwin",sammy.garrett@example.com,8fb56e49-98d7-442b-9286-2d3f3354fcdf,bigrabbit233,nico,2EmKrEMJ,d07cadd226826ef88b11ae2d1c529ab5,fd26110e859a7f1c55e7ea146b4bd117d74fb809,ad7d2d51766bbc99755a63a771e26d9f77f0b3d8566e82bcb2fc800063182241,1950-04-15T05:11:38.790Z,73,2015-11-23T05:23:44.691Z,8,0315211485,081-628-5937,PPS,5816016T,https://randomuser.me/api/portraits/men/73.jpg,https://randomuser.me/api/portraits/med/men/73.jpg,https://randomuser.me/api/portraits/thumb/men/73.jpg,IE
male,Mr,Drago,Topić,3873,Porodice Simonović,Mali Zvornik,Pomoravlje,Serbia,78691,-2.3532,-38.6677,+4:30,Kabul,drago.topic@example.com,54de70a1-9e80-4e03-8e35-741d58d865a0,whitebear742,preacher,RNl3XQnt,e6438a26b50d7af0b2b2a50a6804e23f,c1498ba3d9a3d7262faecdbee92a48c709c46a8e,4ba6fbc2d1893cd689d2c6bfbe1e9d4c486ee22db642583001054e45efd306b7,1997-10-09T20:32:28.292Z,26,2005-06-01T01:51:56.841Z,18,0308254560,060-1309-749,SID,672176873,https://randomuser.me/api/portraits/men/21.jpg,https://randomuser.me/api/portraits/med/men/21.jpg,https://randomuser.me/api/portraits/thumb/men/21.jpg,RS
